trends,tweet_number
#เอิร์ทมิกซ์,46588
#MoonlightChickenEP1,45993
#อิงล็อตxCEOแป้งวิงค์ไวท์,1275148
#ไม่คิดถึงหนูหยอ,106992
#NeverLetMeGoSeriesEP9,270997
Nene x EFM Station,98151
GAP FINAL EP PRESSTOUR,166968
Unidentified Wonder,15914
BAMBAM GM 08FEBRUARY,41251
Englot,115853
promantic punjennis,29249
Nene Mellow Idol Play Room,25436
Hogwarts Legacy,331910
NCT HOME,133379
Nene x Thairath Ent,16952
Syria,607040
Bing,62037
KSPO DOME,100059
#ทฤษฎีสีชมพูxCH3,217612
#ดิวอริสรา,41233
#BFE_NCTDREAM,219937
#jfinthemoodforlove,12470
#แฉข่าวเช้ามีเนเน่แล้ว,107110
#อิมแพคไม่มีความเป็นมืออาชีพ,59716
#Liveโค้ชEP4,109409
#PEPSIXPROXIE,21945
#PPKritลังเล,20620
#BestFriendEver,172911
#CoolJamBirthdayCharity,44070
#2ล้าน1ติ๊กฟ้าของมุหยิ่น,37600
#NANON_UNIDWD,32274
#อุ๊ยคุณพระ_LAZ1,56776
#CantStopFallingForIN,277981
#아이엔의_스물셋도_안아줄게요,274896
#GrabFoodโปรแมนติกxTNPJN,124856
#HappyINDay,293684
#FinalMissGrandPhrae2023,20555
